{
	"id": "com.nttdata.ses.sample.box",
	"version": "1.0.0",
	"name": "Box",
	"description": "A colored box",
	"newInstancePrefix": "Box",
	"icon": "/icon.jpg",
	"vendor": "J. Edward Ortiz",
	"eula": "",
	"license": "",
	"webcomponents": [
		{
			"kind": "main",
			"tag": "com-nttdata-ses-sample-box",
			"url": "/box.js",
			"integrity": "",
			"ignoreIntegrity": true
		},
		{
			"kind": "styling",
			"tag": "com-nttdata-ses-sample-box-styling",
			"url": "/box_styling.js",
			"integrity": "",
			"ignoreIntegrity": true
		},
		{
			"kind": "builder",
			"tag": "com-nttdata-ses-sample-box-builder",
			"url": "/box_builder.js",
			"integrity": "",
			"ignoreIntegrity": true
		}
	],
	"properties": {
		"color": {
			"type": "string",
			"description": "Background color",
			"default": "red"
		},
		"opacity": {
			"type": "number",
			"description": "Opacity",
			"default": 1
		},
		"width": {
			"type": "integer",
			"default": 100
		},
		"height": {
			"type": "integer",
			"default": 100
		}
	},
	"methods": {
		"setColor": {
			"description": "Sets the background color.",
			"parameters": [
				{
					"name": "newColor",
					"type": "string",
					"description": "The new background color"
				}
			],
			"body": "this.color = newColor;"
		},
		"getColor": {
			"returnType": "string",
			"description": "Returns the background color.",
			"body": "return this.color;"
		}
	},
	"events": {
		"onClick": {
			"description": "Called when the user clicks the Box."
		}
	}
}

 